Suite/Test/Step Name,Browser,Description,Tag,Start time,End time,Duration,Status
TS_SearchFish_New,Chrome 129.0.0.0,,,04-10-2024 13:12:17,04-10-2024 13:12:24,7.328s,PASSED
,,,,,,,
Test Cases/TC_Search_Fish,Chrome 129.0.0.0,,,04-10-2024 13:12:17,04-10-2024 13:12:24,7.161s,PASSED
"openBrowser("""")",Chrome 129.0.0.0,,,04-10-2024 13:12:17,04-10-2024 13:12:19,1.848s,PASSED
"navigateToUrl(""https://petstore.octoperf.com/"")",Chrome 129.0.0.0,,,04-10-2024 13:12:19,04-10-2024 13:12:20,0.981s,PASSED
"click(findTestObject(""Object Repository/SearchFish/Page_JPetStore Demo/a_Enter the Store""))",Chrome 129.0.0.0,,,04-10-2024 13:12:20,04-10-2024 13:12:21,1.273s,PASSED
"setText(findTestObject(""Object Repository/SearchFish/Page_JPetStore Demo/input__keyword""), ""Fish"")",Chrome 129.0.0.0,,,04-10-2024 13:12:21,04-10-2024 13:12:22,0.758s,PASSED
"click(findTestObject(""Object Repository/SearchFish/Page_JPetStore Demo/input__searchProducts""))",Chrome 129.0.0.0,,,04-10-2024 13:12:22,04-10-2024 13:12:23,0.712s,PASSED
"click(findTestObject(""Object Repository/SearchFish/Page_JPetStore Demo/a_Return to Main Menu""))",Chrome 129.0.0.0,,,04-10-2024 13:12:23,04-10-2024 13:12:24,1.166s,PASSED
closeBrowser(),Chrome 129.0.0.0,,,04-10-2024 13:12:24,04-10-2024 13:12:24,0.162s,PASSED
